timestamp,name,age,gender,state,news_id,category,time_spent,device
1717110950000,Lucho,47,Male,Rio de Janeiro,15,Politics,2338,smartphone
1724105574000,Yasmin,10,Female,Goiás,18,Entertainment,225,tablet
1727008927000,Doria,35,Female,Mato Grosso,12,Sports,879,desktop
1706152967000,Wittie,32,Male,Goiás,4,Politics,684,smartphone
1721714980000,Aube,77,Male,Ceara,2,Business,2406,laptop
1708377853000,Wyn,68,Male,Rondônia,18,Health,3554,laptop
1706184105000,Fifi,37,Female,Roraima,7,Technology,363,tablet
1719092114000,Yankee,58,Male,Rondônia,7,Sports,2689,smartphone
1720233920000,Guy,85,Male,Alagoas,14,Business,2528,tablet
1735245311000,Alene,60,Female,Rio Grande do Sul,9,Politics,179,smartwatch
1717030852000,Mikey,14,Male,Sao Paulo,9,Sports,1853,desktop
1714172274000,Troy,47,Male,Rio de Janeiro,14,Business,2749,smartphone
1733471766000,Harriette,17,Female,Amazonas,12,Health,1648,tablet
1727732421000,Nero,40,Male,Tocantins,5,Entertainment,2620,smartwatch
1714493453000,Tailor,60,Male,Amapá,13,Business,3462,desktop
1704729936000,Had,21,Male,Alagoas,17,Economy,1843,laptop
1707854159000,Hali,63,Female,Parana,5,Economy,3486,smartwatch
1706903072000,Shae,27,Female,Rio de Janeiro,19,Sports,478,tablet
1727810755000,Fawn,58,Female,Rio de Janeiro,16,Health,3286,smartwatch
1715402253000,Verge,41,Male,Amapá,11,Politics,1148,laptop
1705819213000,Worth,11,Male,Mato Grosso,5,Economy,3015,smartwatch
1706883359000,Josephina,50,Female,Alagoas,14,Sports,822,tablet
1707280715000,Harrie,57,Female,Roraima,8,Politics,3194,desktop
1718650061000,Gabriel,87,Male,Minas Gerais,19,Entertainment,3164,desktop
1719320188000,Merissa,34,Female,Parana,15,Business,1693,smartwatch
1717814068000,Cob,15,Male,Rio Grande do Sul,16,Sports,2521,smartwatch
1705192627000,Magdaia,58,Female,Ceara,17,Technology,2962,smartphone
1712418833000,Carlita,80,Female,Mato Grosso,20,Technology,309,desktop
1709333375000,Phylys,86,Female,Paraíba,20,Sports,1147,smartphone
1722529841000,Abie,41,Male,Goiás,5,Politics,166,smartwatch
1704308662000,Gianna,75,Female,Paraíba,9,Technology,1693,tablet
1714393700000,Gratia,79,Female,Mato Grosso,11,Health,331,laptop
1729735380000,Christoper,20,Male,Minas Gerais,19,Technology,736,tablet
1734216707000,Lind,39,Male,Sergipe,3,Politics,2737,smartwatch
1705857464000,Lee,51,Male,Minas Gerais,4,Business,3089,desktop
1734885408000,Delly,89,Female,Bahia,11,Technology,1873,smartphone
1717859420000,Janette,75,Female,Sergipe,5,Business,42,laptop
1717495451000,Piper,9,Female,Santa Catarina,3,Entertainment,2996,desktop
1719181734000,Kurt,44,Male,Minas Gerais,10,Health,1054,desktop
1712300053000,Keefe,87,Male,Rondônia,6,Politics,3276,desktop
1717156082000,Fenelia,31,Female,Rio de Janeiro,20,Sports,2035,smartwatch
1716368234000,Seymour,85,Male,Parana,13,Politics,1361,smartphone
1722559710000,Warden,87,Male,Ceara,5,Politics,754,tablet
1733062662000,William,65,Male,Alagoas,4,Sports,3186,smartwatch
1717523075000,Clarine,75,Female,Sao Paulo,7,Technology,681,smartwatch
1734192740000,Cherlyn,37,Female,Parana,17,Entertainment,1618,tablet
1729387128000,Sutherlan,28,Male,Ceara,19,Entertainment,550,laptop
1708187982000,Clo,72,Female,Sergipe,12,Business,759,tablet
1718723525000,Peder,26,Male,Acre,15,Politics,1849,laptop
1728886445000,Mara,65,Female,Tocantins,8,Business,2424,desktop
1724059675000,Fanchette,29,Female,Minas Gerais,2,Economy,1296,smartwatch
1728289670000,Dorian,72,Female,Santa Catarina,19,Technology,2406,smartwatch
1706015439000,Brock,64,Male,Rio de Janeiro,15,Economy,257,tablet
1712829390000,Kori,77,Female,Alagoas,17,Entertainment,1744,laptop
1709374249000,Lishe,90,Female,Paraíba,6,Technology,2332,desktop
1733882503000,Aurea,57,Female,Rondônia,12,Economy,1282,smartwatch
1706979538000,Colan,14,Male,Santa Catarina,10,Entertainment,2910,tablet
1713616375000,Hyacintha,46,Female,Sao Paulo,1,Sports,807,laptop
1712248041000,Eben,83,Male,Mato Grosso,8,Entertainment,1718,smartwatch
1722562702000,Ludovico,50,Male,Parana,4,Health,1303,desktop
1704322646000,Glyn,80,Male,Alagoas,7,Technology,761,tablet
1705360473000,Candi,30,Female,Tocantins,8,Health,2801,smartphone
1712030551000,Emlynne,46,Female,Paraíba,16,Health,1199,smartwatch
1726579209000,Sauncho,54,Male,Ceara,16,Business,1011,smartphone
1726962910000,Anabella,37,Female,Tocantins,13,Entertainment,270,smartphone
1734788477000,Melodee,45,Female,Minas Gerais,4,Politics,3267,laptop
1712508472000,Trula,40,Female,Acre,9,Economy,2282,smartwatch
1723754734000,Reynard,88,Male,Bahia,13,Entertainment,252,smartwatch
1725695995000,Randie,31,Female,Parana,20,Health,2029,tablet
1721668132000,Mattias,62,Male,Bahia,15,Sports,2265,laptop
1715662060000,Lannie,48,Male,Santa Catarina,15,Health,504,laptop
1722132079000,Barbe,74,Female,Rondônia,14,Technology,3525,smartphone
1727940470000,Matias,84,Male,Rio Grande do Sul,7,Technology,230,tablet
1718947490000,Elroy,57,Male,Sao Paulo,15,Economy,2791,smartwatch
1721129844000,Blinni,85,Female,Rio Grande do Sul,4,Health,598,smartphone
1731232976000,Calhoun,20,Male,Santa Catarina,5,Economy,1831,tablet
1731332824000,Lena,29,Female,Rio Grande do Sul,13,Health,1110,desktop
1722316135000,Robinetta,33,Female,Minas Gerais,19,Health,2978,smartwatch
1716463779000,Gideon,10,Male,Paraíba,12,Economy,2486,tablet
1735215887000,Germaine,12,Male,Ceara,19,Economy,63,smartwatch
1721061417000,Daffie,24,Female,Sao Paulo,2,Politics,1255,laptop
1709763934000,Cristina,17,Female,Santa Catarina,4,Politics,3403,smartwatch
1717461542000,Erinna,51,Female,Minas Gerais,7,Politics,2999,laptop
1723287450000,Jermaine,85,Male,Paraíba,17,Entertainment,2557,smartphone
1704647256000,Marcia,61,Female,Rio Grande do Sul,8,Politics,2577,smartwatch
1719997858000,Warner,37,Male,Mato Grosso,16,Politics,3211,laptop
1729502371000,Martainn,52,Male,Minas Gerais,1,Health,1651,smartphone
1706321476000,Kirstin,17,Female,Sergipe,11,Health,8,desktop
1734510227000,Norton,50,Male,Parana,14,Health,2678,smartwatch
1721665233000,Elihu,42,Male,Rio Grande do Sul,9,Health,2364,laptop
1718080565000,Gerhardine,52,Female,Rio de Janeiro,5,Health,59,desktop
1715535282000,Cleon,52,Male,Rondônia,10,Technology,493,smartphone
1725682430000,Riccardo,54,Male,Acre,6,Business,1312,laptop
1715060383000,Cristine,12,Female,Bahia,20,Technology,301,desktop
1722189857000,Lock,82,Male,Acre,20,Politics,87,tablet
1707321161000,Freda,37,Female,Rio Grande do Sul,5,Entertainment,1438,tablet
1735306768000,James,47,Male,Santa Catarina,6,Business,1318,desktop
1719623031000,Annemarie,22,Female,Rio de Janeiro,8,Entertainment,398,tablet
1726011285000,Viola,59,Female,Mato Grosso,12,Politics,3357,tablet
1734242204000,Dena,55,Female,Mato Grosso,11,Politics,3414,laptop
1720322448000,Tades,43,Male,Roraima,14,Economy,2028,tablet
1712902308000,Boothe,88,Male,Santa Catarina,2,Health,3419,tablet
1731463657000,Fran,43,Female,Roraima,14,Economy,3575,desktop
1708638393000,Fidela,29,Female,Amazonas,18,Economy,3595,tablet
1719148158000,Margalit,54,Female,Parana,3,Technology,636,laptop
1718867419000,Bil,25,Male,Rondônia,15,Technology,1234,laptop
1727437236000,Bernita,12,Female,Sergipe,4,Politics,268,desktop
1724291804000,Augie,34,Male,Roraima,3,Sports,1381,tablet
1722442969000,Saraann,44,Female,Goiás,3,Business,2210,laptop
1735383501000,Elyse,19,Female,Rio de Janeiro,8,Politics,89,tablet
1726178042000,Mareah,48,Female,Bahia,4,Health,3201,laptop
1712645928000,Rriocard,75,Male,Paraíba,7,Economy,1634,smartwatch
1718155066000,Dalli,12,Male,Minas Gerais,4,Sports,1376,laptop
1710557999000,Bruis,26,Male,Goiás,2,Entertainment,1339,smartphone
1730002262000,Cheryl,58,Female,Acre,10,Business,793,laptop
1721321807000,Cullan,46,Male,Amapá,18,Politics,1542,smartwatch
1708400038000,Rosette,50,Female,Amazonas,17,Sports,2576,desktop
1732197753000,Graig,81,Male,Santa Catarina,16,Entertainment,2065,tablet
1707941324000,Gennie,11,Female,Acre,3,Economy,1180,laptop
1727909180000,Quintin,38,Male,Mato Grosso,8,Economy,253,desktop
1726523537000,Pavla,38,Female,Rondônia,12,Business,531,smartphone
1720551643000,Alina,30,Female,Parana,11,Economy,3220,laptop
1728540462000,Bobbee,84,Female,Sao Paulo,7,Technology,2646,tablet
1720680105000,Towney,85,Male,Alagoas,8,Sports,1546,laptop
1733212171000,Marve,61,Male,Minas Gerais,18,Sports,681,smartwatch
1727721436000,Angeline,64,Female,Pernambuco,20,Economy,1419,smartwatch
1735080871000,Marlena,76,Female,Alagoas,4,Economy,3162,laptop
1734633624000,Kenon,88,Male,Goiás,11,Economy,3575,smartphone
1709501667000,Eloise,59,Female,Alagoas,7,Politics,1268,tablet
1724553211000,Linette,37,Female,Pernambuco,16,Economy,873,smartphone
1728315916000,Dene,77,Male,Goiás,11,Health,1462,smartphone
1713819966000,Demetris,67,Male,Amazonas,7,Politics,1409,tablet
1725544672000,Christoffer,43,Male,Mato Grosso,2,Technology,2249,tablet
1713900708000,Aurelea,79,Female,Parana,19,Politics,1672,tablet
1733786944000,Tonie,82,Female,Minas Gerais,12,Politics,3546,smartphone
1735023146000,Riccardo,11,Male,Pernambuco,17,Health,939,smartwatch
1709304764000,Lindy,80,Female,Sao Paulo,8,Entertainment,1690,smartwatch
1725586711000,Delainey,39,Male,Ceara,11,Economy,2817,smartwatch
1724370292000,Gerick,66,Male,Bahia,5,Business,698,laptop
1731111062000,Doyle,86,Male,Parana,14,Politics,1470,smartwatch
1715933227000,Idette,82,Female,Rio Grande do Sul,18,Economy,2389,tablet
1704383546000,Corbet,17,Male,Sao Paulo,2,Sports,1985,smartphone
1723183991000,Leola,87,Female,Roraima,2,Business,2895,smartphone
1716097924000,Edwin,50,Male,Rio Grande do Sul,1,Business,75,smartphone
1717177168000,Merralee,6,Female,Rio de Janeiro,5,Technology,3019,smartphone
1730752915000,Gaylor,58,Male,Paraíba,16,Politics,3235,desktop
1730257318000,Adams,13,Male,Ceara,10,Health,2002,tablet
1713832574000,Bren,12,Female,Roraima,9,Entertainment,54,smartphone
1723277149000,Eden,90,Female,Bahia,4,Entertainment,27,smartphone
1711986111000,Rog,72,Male,Alagoas,6,Technology,737,tablet
1710068444000,Kaycee,10,Female,Sergipe,4,Sports,1680,desktop
1718911775000,Marlie,37,Female,Rondônia,17,Technology,3397,desktop
1716058901000,Hector,7,Male,Alagoas,11,Business,724,tablet
1727112900000,Frasco,64,Male,Rio Grande do Sul,15,Politics,2311,desktop
1730486287000,Benoit,29,Male,Parana,16,Politics,862,smartphone
1729781631000,Darryl,74,Female,Sergipe,13,Technology,1501,smartphone
1711074066000,Vito,37,Male,Mato Grosso,9,Business,447,tablet
1708723398000,Callean,8,Male,Goiás,14,Business,701,desktop
1722880675000,Amelia,75,Female,Alagoas,1,Sports,1252,smartwatch
1705561924000,Lotta,90,Female,Mato Grosso,6,Economy,18,smartwatch
1732318488000,Sapphire,66,Female,Pernambuco,3,Health,1018,desktop
1712310929000,Averill,45,Male,Rio Grande do Sul,9,Health,3216,smartphone
1731988799000,Abbot,14,Male,Sao Paulo,11,Politics,2109,laptop
1708766505000,Giffard,41,Male,Goiás,3,Business,2778,laptop
1732224646000,Pembroke,45,Male,Acre,18,Politics,655,desktop
1719699709000,Bennett,27,Male,Mato Grosso,16,Technology,3280,smartphone
1732679399000,Barbaraanne,90,Female,Tocantins,14,Economy,1312,tablet
1731532322000,Barris,81,Male,Amazonas,19,Politics,2542,laptop
1708057582000,Norine,83,Female,Tocantins,16,Business,1020,smartwatch
1717404252000,Sela,30,Female,Paraíba,7,Sports,3307,smartphone
1713758561000,Melitta,86,Female,Sergipe,1,Technology,304,laptop
1710662252000,Grete,39,Female,Sao Paulo,10,Sports,3009,desktop
1727520074000,Klarika,39,Female,Paraíba,18,Entertainment,2615,desktop
1728868702000,Jermain,83,Male,Goiás,13,Politics,2184,desktop
1727608913000,Nikos,10,Male,Amazonas,4,Economy,1821,smartwatch
1729027113000,Debee,50,Female,Tocantins,5,Sports,3249,tablet
1707675594000,Vida,50,Female,Pernambuco,6,Entertainment,1674,smartwatch
1713486427000,Yelena,33,Female,Roraima,6,Entertainment,2166,tablet
1723664868000,Livy,71,Female,Acre,17,Technology,1427,smartphone
1716484389000,Carmon,14,Female,Minas Gerais,7,Sports,1773,desktop
1718847222000,Timotheus,30,Male,Paraíba,2,Health,2451,desktop
1728203397000,Eduino,83,Male,Rio de Janeiro,19,Business,2314,tablet
1719803187000,Riley,80,Male,Paraíba,17,Business,883,desktop
1728313759000,Ennis,79,Male,Tocantins,19,Business,2754,desktop
1722103862000,Michaella,89,Female,Rio Grande do Sul,18,Sports,3070,smartwatch
1708810240000,Jeanna,38,Female,Acre,19,Business,2381,laptop
1717734339000,Kelcy,75,Female,Rondônia,9,Economy,2249,laptop
1719502545000,Zebadiah,90,Male,Amapá,18,Economy,2340,smartwatch
1728084712000,Evered,23,Male,Minas Gerais,17,Technology,1276,tablet
1720854462000,Krystle,81,Female,Santa Catarina,4,Technology,2766,desktop
1720681043000,Remus,39,Male,Rondônia,13,Health,3557,smartphone
1727541313000,Pooh,71,Female,Bahia,5,Entertainment,912,laptop
1705733417000,Rafael,28,Male,Rondônia,15,Politics,1286,laptop
1733651152000,Parrnell,47,Male,Ceara,10,Entertainment,642,desktop
1706958589000,Olimpia,6,Female,Paraíba,17,Sports,190,smartphone
1728297870000,Jerrome,11,Male,Ceara,11,Health,924,laptop
1719121239000,Cameron,89,Male,Alagoas,16,Politics,1013,smartphone
1725176437000,Janeen,53,Female,Minas Gerais,15,Technology,3373,smartphone
1734871687000,Milka,74,Female,Tocantins,5,Sports,2987,smartphone
1724891652000,Kathrine,48,Female,Rio de Janeiro,7,Health,1467,desktop
1706293116000,Betti,55,Female,Acre,2,Politics,3548,tablet
1715330500000,Hilario,53,Male,Bahia,20,Health,191,smartwatch
1724230449000,Wileen,44,Female,Parana,18,Entertainment,3043,smartphone
1731576830000,Katlin,89,Female,Amazonas,11,Technology,3301,smartphone
1719364797000,Gabie,50,Female,Ceara,13,Entertainment,3556,desktop
1725870640000,Archer,59,Male,Rio Grande do Sul,10,Entertainment,1572,tablet
1714134503000,Christabel,81,Female,Alagoas,9,Business,2915,smartphone
1725790217000,Patton,60,Male,Rio de Janeiro,16,Entertainment,3014,smartwatch
1721413109000,Naomi,34,Female,Alagoas,2,Economy,1232,smartphone
1706618999000,Tiler,75,Male,Paraíba,16,Politics,1615,tablet
1725927348000,Arvie,21,Male,Rondônia,7,Politics,2724,smartwatch
1715377168000,Estrellita,88,Female,Tocantins,19,Economy,2823,smartwatch
1713232292000,Nichol,16,Female,Acre,3,Politics,2124,smartwatch
1729170317000,Harley,25,Female,Mato Grosso,5,Economy,1807,smartphone
1734383132000,Stanford,66,Male,Mato Grosso,2,Politics,3135,desktop
1706798758000,Randie,42,Male,Amapá,19,Entertainment,870,desktop
1718816752000,Robin,77,Male,Ceara,7,Entertainment,1340,smartwatch
1730936677000,Rainer,90,Male,Sao Paulo,20,Technology,3143,desktop
1723414591000,Ailey,30,Female,Roraima,17,Sports,940,tablet
1734027345000,Florence,61,Female,Paraíba,2,Entertainment,1477,smartphone
1724014245000,Cosimo,46,Male,Alagoas,18,Economy,390,laptop
1708360260000,Jaclin,88,Female,Alagoas,2,Sports,3120,tablet
1719989514000,Pippo,49,Male,Sao Paulo,20,Entertainment,1239,tablet
1719360266000,Konrad,68,Male,Mato Grosso,13,Sports,715,smartwatch
1705917892000,Yalonda,43,Female,Rio Grande do Sul,2,Business,670,smartwatch
1706695787000,Mel,27,Male,Goiás,18,Health,1296,smartwatch
1719651081000,Brunhilde,75,Female,Amazonas,19,Technology,1506,smartphone
1734139725000,Tine,73,Female,Acre,20,Business,2820,laptop
1734671004000,Zollie,67,Male,Bahia,18,Health,2268,smartphone
1732323019000,Stephana,54,Female,Amapá,11,Health,3176,tablet
1716638572000,Germaine,18,Male,Rondônia,4,Health,351,smartwatch
1722361512000,Celene,67,Female,Goiás,20,Economy,1867,smartphone
1731664674000,Jorrie,58,Female,Goiás,16,Politics,3454,desktop
1734468909000,Binky,79,Male,Minas Gerais,15,Health,3383,tablet
1720059119000,Howard,79,Male,Rio Grande do Sul,12,Economy,512,smartwatch
1711680464000,Delmor,90,Male,Acre,20,Economy,687,smartwatch
1709458636000,Eveline,82,Female,Bahia,17,Politics,2918,tablet
1725565622000,Corri,34,Female,Tocantins,4,Politics,2511,laptop
1709959757000,Wilie,34,Female,Parana,13,Sports,1447,laptop
1718791202000,Bryce,68,Male,Rondônia,1,Technology,3406,tablet
1707612914000,Andriette,75,Female,Minas Gerais,20,Health,2261,tablet
1714757893000,Jacquelin,73,Female,Rondônia,13,Politics,532,desktop
1711407458000,Aylmar,42,Male,Rondônia,14,Politics,2313,desktop
1728755610000,Mendie,23,Male,Roraima,9,Technology,1038,laptop
1706167307000,Catriona,44,Female,Ceara,17,Business,1692,smartphone
1708098288000,Elliott,41,Male,Bahia,1,Politics,330,tablet
1721290587000,Kaylil,36,Female,Rio Grande do Sul,18,Entertainment,1317,laptop
1720690314000,Jasun,37,Male,Alagoas,4,Economy,2994,laptop
1716912255000,Hernando,75,Male,Amapá,8,Politics,1757,laptop
1731734393000,Aurelea,20,Female,Pernambuco,2,Health,2120,smartwatch
1711016847000,Sandra,35,Female,Paraíba,1,Entertainment,3030,laptop
1717050585000,Celinka,6,Female,Parana,2,Sports,1831,smartwatch
1705790140000,Waylan,20,Male,Parana,15,Technology,2098,tablet
1717248378000,Stanislaw,38,Male,Paraíba,5,Politics,98,laptop
1709574626000,Prentiss,27,Male,Ceara,17,Economy,2674,laptop
1716952384000,Vincent,12,Male,Acre,4,Sports,2029,smartwatch
1729271305000,Georgetta,65,Female,Santa Catarina,11,Entertainment,1304,smartphone
1720501855000,Tim,77,Male,Paraíba,11,Sports,641,tablet
1732742334000,Sherwin,11,Male,Minas Gerais,3,Sports,2521,smartphone
1713349416000,Sigismund,10,Male,Alagoas,5,Economy,890,desktop
1729904430000,Annissa,7,Female,Sao Paulo,7,Sports,1564,desktop
1729274715000,Wilhelmina,82,Female,Sao Paulo,2,Business,773,tablet
1720036998000,Laird,51,Male,Alagoas,8,Business,574,smartwatch
1725557303000,Emmerich,50,Male,Paraíba,17,Health,1086,tablet
1711043069000,Sophey,71,Female,Minas Gerais,12,Sports,2033,tablet
1716489701000,Jere,35,Female,Bahia,2,Health,1687,smartphone
1705521231000,Deedee,15,Female,Santa Catarina,5,Technology,810,desktop
1713163443000,Sammy,18,Female,Santa Catarina,16,Sports,2168,tablet
1712748261000,Tammie,46,Female,Alagoas,9,Economy,2454,desktop
1704419989000,Nellie,34,Female,Pernambuco,17,Entertainment,1876,smartwatch
1728522366000,George,59,Male,Rio Grande do Sul,17,Technology,1097,tablet
1731342349000,Gabriello,90,Male,Parana,19,Technology,1902,smartphone
1732492202000,Hewie,73,Male,Parana,6,Politics,3103,desktop
1731401584000,Rodolphe,37,Male,Santa Catarina,19,Entertainment,80,smartwatch
1706185222000,Charmain,76,Female,Goiás,9,Entertainment,3449,smartphone
1715243056000,Peder,21,Male,Santa Catarina,11,Entertainment,1634,smartwatch
1724946766000,Frannie,84,Male,Santa Catarina,2,Business,901,smartwatch
1724598498000,Violante,70,Female,Rio Grande do Sul,17,Economy,1962,smartphone
1733095033000,Gretta,57,Female,Sergipe,6,Technology,1651,laptop
1705007596000,Ronnie,44,Female,Santa Catarina,5,Sports,728,desktop
1713959932000,Vally,29,Female,Roraima,7,Business,2652,laptop
1710003728000,Torry,58,Male,Acre,11,Entertainment,3490,laptop
1715333476000,Lee,51,Male,Mato Grosso,7,Business,1577,smartphone
1707799420000,Allegra,60,Female,Paraíba,19,Sports,566,tablet
1714628133000,Lotty,34,Female,Minas Gerais,10,Sports,2422,tablet
1735066551000,Aleece,43,Female,Sergipe,8,Health,1221,smartphone
1732875952000,Kathlin,79,Female,Tocantins,20,Economy,1625,desktop
1715665711000,Toby,66,Female,Amazonas,11,Sports,2827,desktop
1726421245000,Sharia,17,Female,Mato Grosso,19,Politics,926,tablet
1719529020000,Dallas,31,Male,Pernambuco,5,Economy,3197,laptop
1731203386000,Dino,60,Male,Alagoas,11,Economy,90,tablet
1729286703000,Mateo,30,Male,Acre,19,Sports,3123,tablet
1724665210000,Shermy,65,Male,Acre,12,Politics,2289,laptop
1735275781000,Arvie,64,Male,Paraíba,15,Entertainment,467,desktop
1733596393000,Xymenes,14,Male,Rio de Janeiro,3,Politics,3366,smartphone
1720741730000,Margi,83,Female,Santa Catarina,18,Technology,2525,smartphone
1706105284000,Keir,90,Male,Amazonas,6,Politics,2256,tablet
1724164127000,Tuesday,25,Female,Acre,14,Health,856,tablet
1729416863000,Chen,73,Male,Acre,4,Entertainment,2779,laptop
1709657642000,Virgil,54,Male,Mato Grosso,15,Economy,1015,laptop
1718153827000,Nerita,57,Female,Tocantins,13,Health,3335,smartphone
1719995690000,Giovanna,35,Female,Minas Gerais,15,Health,43,tablet
1715205457000,Biddie,52,Female,Sergipe,1,Health,1019,desktop
1713910657000,Remus,81,Male,Pernambuco,16,Politics,3389,smartwatch
1729251134000,Bennett,15,Male,Tocantins,12,Economy,2765,smartwatch
1733627307000,Thorin,26,Male,Ceara,14,Sports,172,laptop
1724242734000,Jess,41,Male,Amazonas,12,Technology,1791,laptop
1732601107000,Bobbye,41,Female,Bahia,1,Sports,1168,desktop
1713931568000,Michele,25,Male,Bahia,16,Business,2910,smartphone
1710571790000,Napoleon,61,Male,Goiás,16,Entertainment,390,desktop
1730664556000,Agata,39,Female,Ceara,7,Business,1267,desktop
1718911915000,Modesta,9,Female,Santa Catarina,2,Health,3452,smartwatch
1726074285000,Patric,63,Male,Alagoas,13,Economy,793,smartphone
1707172656000,Forrest,87,Male,Rio de Janeiro,2,Politics,938,smartphone
1713774482000,Christyna,87,Female,Santa Catarina,16,Technology,2642,laptop
1708740802000,Drona,43,Female,Tocantins,14,Technology,2757,smartwatch
1728877309000,Price,86,Male,Acre,8,Business,3414,smartphone
1717385893000,Odilia,15,Female,Tocantins,3,Politics,3200,laptop
1723920994000,Audre,13,Female,Goiás,16,Business,670,tablet
1704827213000,Pennie,25,Male,Pernambuco,11,Sports,2193,tablet
1715758825000,Barr,79,Male,Rio de Janeiro,4,Politics,2661,smartwatch
1715062059000,Doti,45,Female,Santa Catarina,14,Entertainment,2693,laptop
1728057012000,Brice,22,Male,Rio de Janeiro,7,Business,2412,laptop
1716237923000,Gerick,34,Male,Sao Paulo,5,Business,613,smartwatch
1720360994000,Clerkclaude,69,Male,Amazonas,7,Sports,1842,laptop
1729681110000,Wells,21,Male,Alagoas,3,Entertainment,1962,desktop
1725612133000,Earl,78,Male,Sao Paulo,1,Technology,3415,desktop
1716490238000,Mandie,24,Female,Rondônia,2,Politics,1582,tablet
1725483085000,Gery,37,Male,Bahia,14,Politics,2545,smartwatch
1711521166000,Gregoor,22,Male,Parana,9,Sports,469,smartwatch
1722581256000,Julianne,48,Female,Parana,6,Politics,2332,smartphone
1705869671000,Howie,41,Male,Parana,10,Health,342,tablet
1725932280000,Clemmy,30,Male,Parana,10,Technology,2951,desktop
1722486310000,Elli,9,Female,Ceara,17,Entertainment,2561,desktop
1715350915000,Tiphany,81,Female,Goiás,4,Entertainment,3403,desktop
1704922239000,Annemarie,80,Female,Ceara,7,Health,2779,desktop
1734170731000,Evvie,38,Female,Sao Paulo,11,Technology,3271,desktop
1723843429000,Gretta,73,Female,Amazonas,18,Technology,1324,desktop
1721400028000,Ware,45,Male,Sergipe,13,Economy,488,smartphone
1716309756000,Meghan,65,Female,Amapá,2,Sports,753,tablet
1731113856000,Lalo,76,Male,Amazonas,16,Technology,366,smartphone
1706901614000,Helen,64,Female,Roraima,17,Sports,657,laptop
1708679084000,Kaitlynn,83,Female,Tocantins,8,Health,3581,smartphone
1726738321000,Mada,81,Female,Sao Paulo,6,Sports,224,tablet
1719890628000,Darb,43,Female,Paraíba,4,Sports,2085,smartwatch
1713350152000,Randolf,87,Male,Roraima,13,Business,3410,laptop
1712393486000,Jinny,78,Female,Amapá,9,Health,3528,tablet
1715128043000,Halsey,10,Male,Roraima,6,Technology,3011,laptop
1730920446000,Vinnie,28,Female,Roraima,12,Sports,2156,tablet
1722047125000,Putnam,37,Male,Mato Grosso,6,Business,2111,desktop
1711913838000,Alida,46,Female,Santa Catarina,15,Entertainment,300,tablet
1708972222000,Lainey,62,Female,Rondônia,8,Entertainment,2803,smartwatch
1718663237000,Rafe,32,Male,Rondônia,11,Sports,602,smartphone
1706368364000,Robinia,53,Female,Minas Gerais,10,Entertainment,2959,smartwatch
1719910515000,Blair,73,Male,Acre,14,Entertainment,2495,tablet
1712619215000,Rogerio,28,Male,Mato Grosso,10,Business,343,desktop
1718807295000,Jayne,47,Female,Bahia,4,Health,1190,laptop
1721736931000,Delores,39,Female,Roraima,14,Economy,1565,smartwatch
1713889972000,Charmain,27,Female,Acre,2,Sports,1557,smartwatch
1709607703000,Glen,23,Female,Bahia,8,Business,3008,tablet
1731719518000,Astrid,67,Female,Sao Paulo,14,Technology,2197,smartphone
1730138784000,Nicolais,15,Male,Rio Grande do Sul,1,Economy,2870,smartwatch
1730583909000,Mason,18,Male,Paraíba,7,Business,2950,smartphone
1709642491000,Bernardina,20,Female,Rondônia,2,Health,1147,laptop
1716268097000,Stacie,65,Female,Alagoas,17,Entertainment,2568,desktop
1735397822000,Raimondo,65,Male,Acre,3,Sports,1284,smartwatch
1725869317000,Elane,85,Female,Pernambuco,8,Entertainment,2713,desktop
1726489733000,Augustus,51,Male,Parana,19,Entertainment,1138,tablet
1733657901000,Lyman,47,Male,Santa Catarina,5,Sports,298,smartphone
1717291868000,Lucias,21,Male,Parana,4,Economy,858,smartphone
1721343957000,Bradley,76,Male,Parana,6,Economy,2948,smartphone
1719552223000,Sheila,62,Female,Santa Catarina,12,Business,1538,tablet
1733537442000,Mycah,17,Male,Ceara,16,Economy,1858,laptop
1709359836000,Noach,69,Male,Alagoas,17,Business,1074,smartphone
1707947067000,Lauritz,68,Male,Mato Grosso,13,Health,2877,tablet
1718948157000,Gabriele,9,Male,Sergipe,14,Sports,1870,laptop
1717666847000,Greta,54,Female,Alagoas,8,Entertainment,212,smartphone
1734786530000,Flo,82,Female,Amazonas,16,Technology,104,smartwatch
1714634217000,Evanne,31,Female,Rondônia,8,Business,1168,laptop
1713565247000,Wilmar,45,Male,Rio de Janeiro,1,Business,2627,smartphone
1714696012000,Shea,68,Male,Roraima,17,Technology,292,smartphone
1720556039000,Klarika,24,Female,Paraíba,20,Business,898,smartwatch
1710354376000,Marylee,14,Female,Paraíba,13,Economy,854,desktop
1709347905000,Anita,28,Female,Pernambuco,4,Health,3355,smartphone
1718405250000,Mona,64,Female,Santa Catarina,19,Entertainment,1425,tablet
1714650748000,Ludovika,12,Female,Rio de Janeiro,11,Health,3550,desktop
1724767551000,Giuditta,13,Female,Santa Catarina,10,Economy,3506,smartwatch
1728829009000,Nikola,54,Male,Minas Gerais,13,Technology,541,laptop
1722764274000,Hestia,78,Female,Rio de Janeiro,20,Sports,504,desktop
1707674218000,Maddie,33,Female,Tocantins,18,Health,1449,smartwatch
1711635690000,Ann-marie,21,Female,Amapá,13,Sports,3252,laptop
1730605389000,Carmine,43,Female,Amazonas,16,Sports,1400,tablet
1733306998000,Jewelle,58,Female,Santa Catarina,20,Business,256,desktop
1731140242000,Ayn,63,Female,Goiás,3,Entertainment,1153,desktop
1708115134000,Clea,45,Female,Sao Paulo,16,Health,906,tablet
1726629065000,Matty,62,Male,Rio de Janeiro,12,Business,345,smartphone
1731232541000,Kristina,9,Female,Ceara,9,Entertainment,2448,smartphone
1719828023000,Ab,31,Male,Paraíba,20,Technology,1945,smartphone
1734164724000,Bridie,39,Female,Rio Grande do Sul,15,Entertainment,3396,laptop
1734052418000,Eddy,54,Male,Rio de Janeiro,8,Technology,1626,laptop
1706443861000,Patrice,54,Male,Sergipe,10,Politics,2546,laptop
1713811089000,Rowan,14,Male,Rio Grande do Sul,2,Entertainment,771,smartwatch
1719273480000,Costa,83,Male,Goiás,7,Economy,1467,tablet
1726730427000,Hilly,12,Male,Goiás,14,Business,3294,tablet
1707894564000,Mariejeanne,42,Female,Amapá,19,Technology,74,tablet
1726895037000,Lanna,8,Female,Goiás,1,Business,2490,desktop
1733007768000,Felice,39,Female,Pernambuco,13,Health,1486,tablet
1721528772000,Lannie,17,Male,Parana,18,Economy,578,desktop
1705896545000,Mickie,30,Female,Santa Catarina,7,Health,1302,laptop
1728202540000,Natalie,33,Female,Minas Gerais,18,Health,2511,smartphone
1720271770000,Frankie,83,Male,Amapá,11,Technology,1784,tablet
1730345669000,Myer,81,Male,Rondônia,6,Health,92,laptop
1707583346000,Audi,63,Female,Goiás,4,Economy,3498,smartwatch
1731404738000,Yvonne,55,Female,Amapá,6,Entertainment,1661,laptop
1727348725000,Kimball,79,Male,Rio Grande do Sul,12,Sports,1913,tablet
1704766122000,Alano,49,Male,Ceara,8,Economy,2063,desktop
1729180230000,Doralia,15,Female,Ceara,2,Entertainment,580,smartphone
1725377242000,Emilee,13,Female,Acre,19,Entertainment,1562,smartwatch
1734588282000,Nelie,45,Female,Rio de Janeiro,4,Health,2202,tablet
1734176755000,Olivero,62,Male,Rio de Janeiro,5,Economy,144,laptop
1734668110000,Alister,29,Male,Parana,11,Technology,1711,smartphone
1719137176000,Gallagher,80,Male,Amapá,10,Sports,2708,desktop
1712752532000,Stu,23,Male,Pernambuco,3,Politics,1424,laptop
1726380607000,Emilio,72,Male,Amapá,12,Business,3518,smartphone
1725514534000,Gratiana,28,Female,Paraíba,16,Entertainment,2621,smartwatch
1708879746000,Randie,10,Male,Mato Grosso,9,Technology,2513,tablet
1730598314000,Culver,78,Male,Amazonas,18,Sports,3179,smartwatch
1705781804000,Leda,53,Female,Amazonas,2,Sports,1521,smartphone
1714063716000,Christan,48,Female,Minas Gerais,17,Entertainment,2152,smartphone
1727637375000,Bert,73,Female,Paraíba,13,Business,3277,tablet
1728171421000,Adelice,43,Female,Alagoas,11,Business,1466,tablet
1709833118000,Marco,40,Male,Acre,5,Sports,1735,smartphone
1724096649000,Steward,63,Male,Amazonas,7,Technology,2702,laptop
1716096953000,Clarisse,25,Female,Goiás,10,Sports,1773,smartwatch
1728664797000,Phip,17,Male,Amazonas,13,Politics,499,smartphone
1721962597000,Janey,58,Female,Sao Paulo,7,Politics,1887,laptop
1730630137000,Brenden,26,Male,Santa Catarina,8,Sports,2473,desktop
1715554454000,Darn,81,Male,Paraíba,2,Politics,1680,desktop
1727969678000,Tammy,19,Male,Rondônia,7,Economy,766,smartwatch
1722297171000,Ciel,17,Female,Rio Grande do Sul,8,Entertainment,327,tablet
1711002447000,Rhett,79,Male,Tocantins,18,Sports,1282,desktop
1716672100000,Roberta,23,Female,Rio Grande do Sul,3,Entertainment,1430,tablet
1725931047000,Henderson,54,Male,Paraíba,17,Politics,2688,laptop
1732982615000,Levy,81,Male,Pernambuco,16,Economy,3237,desktop
1723120760000,Marketa,13,Female,Roraima,20,Technology,527,desktop
1732310922000,Donielle,34,Female,Alagoas,3,Politics,2989,tablet
1707274182000,Muire,36,Female,Paraíba,19,Health,237,tablet
1713245932000,Taylor,8,Male,Amazonas,19,Health,1982,tablet
1712484238000,Rebeka,19,Female,Rio Grande do Sul,19,Health,2521,smartwatch
1726375451000,Tammie,27,Male,Pernambuco,14,Business,916,laptop
1717029497000,Odelinda,20,Female,Rondônia,18,Sports,2217,laptop
1710521960000,Nicolette,8,Female,Mato Grosso,13,Health,3066,tablet
1711764424000,Inesita,83,Female,Paraíba,12,Politics,3517,laptop
1722241573000,Brittni,85,Female,Paraíba,9,Economy,924,laptop
1715226252000,Angelita,66,Female,Amazonas,11,Business,1263,laptop
1709706820000,Marc,10,Male,Rio de Janeiro,3,Business,3177,tablet
1730434599000,Ulla,13,Female,Amapá,8,Health,3312,tablet
1731756388000,Rosie,49,Female,Parana,19,Sports,1009,smartphone
1707828581000,Phil,29,Female,Paraíba,7,Economy,1418,desktop
1726074540000,Patin,84,Male,Amapá,18,Health,1005,smartwatch
1713412716000,Julius,75,Male,Alagoas,13,Entertainment,3562,tablet
1735485857000,Del,27,Female,Rio de Janeiro,13,Entertainment,3183,desktop
1708197270000,Jock,40,Male,Rio Grande do Sul,17,Business,2551,smartphone
1735233148000,Gaby,61,Male,Bahia,4,Economy,712,tablet
1713432025000,Page,43,Male,Alagoas,6,Technology,1430,tablet
1712316277000,Alphonse,43,Male,Ceara,7,Sports,338,smartwatch
1725036804000,Simon,10,Male,Pernambuco,18,Health,3406,tablet
1717246670000,Rhodie,89,Female,Sergipe,3,Business,3070,smartphone
1726776394000,Vicki,11,Female,Minas Gerais,17,Sports,3424,smartphone
1708756371000,Fletch,34,Male,Bahia,16,Health,1727,desktop
1721295586000,Levy,79,Male,Mato Grosso,17,Health,937,smartphone
1733704634000,Ernesto,35,Male,Roraima,3,Politics,3010,laptop
1705272947000,Ninetta,31,Female,Bahia,15,Entertainment,2457,smartwatch
1708448014000,Starr,85,Female,Bahia,19,Technology,1051,laptop
1707076324000,Terza,35,Female,Rio de Janeiro,1,Business,3567,laptop
1716850521000,Abran,63,Male,Roraima,7,Business,2115,laptop
1734708673000,Phillipp,81,Male,Amazonas,11,Economy,2859,tablet
1721779767000,Nedi,67,Female,Amapá,20,Health,3490,smartphone
1722351136000,Rurik,82,Male,Paraíba,10,Health,1461,desktop
1722053544000,Ariella,81,Female,Tocantins,15,Economy,820,laptop
1715862864000,Yolanthe,22,Female,Pernambuco,18,Economy,743,smartwatch
1722425379000,Brose,85,Male,Acre,2,Business,657,smartwatch
1715079582000,Buddy,22,Male,Amapá,1,Business,457,smartwatch
1704116807000,Chrissie,29,Female,Roraima,1,Sports,1359,laptop
1716253867000,Dalston,26,Male,Mato Grosso,2,Entertainment,2379,smartphone
1704816425000,Jordan,14,Female,Minas Gerais,7,Politics,523,tablet
1709483298000,Allan,72,Male,Pernambuco,1,Technology,2557,tablet
1730265311000,Barn,72,Male,Santa Catarina,19,Health,2978,smartphone
1730114740000,Amerigo,57,Male,Ceara,3,Entertainment,2156,smartphone
1707575536000,Aguie,71,Male,Minas Gerais,10,Technology,470,smartphone
1732386457000,Otis,82,Male,Tocantins,2,Entertainment,896,laptop
1733040198000,Madge,11,Female,Sao Paulo,12,Sports,1843,smartphone
1722609660000,Taryn,43,Female,Santa Catarina,2,Economy,1610,tablet
1719676261000,Ford,30,Male,Mato Grosso,5,Technology,3318,tablet
1727343676000,Cad,59,Male,Amapá,2,Business,2456,smartphone
1721688254000,Ines,68,Female,Goiás,7,Entertainment,3066,desktop
1734453276000,Hendrick,23,Male,Sao Paulo,7,Technology,2072,tablet
1709819971000,Vita,71,Female,Rondônia,3,Sports,1471,smartwatch
1733064336000,Heath,23,Female,Bahia,8,Business,1088,laptop
1722706025000,Alfonse,49,Male,Goiás,2,Economy,2727,tablet
1712203685000,Mariel,77,Female,Acre,18,Health,2888,laptop
1714371248000,Marga,8,Female,Amazonas,8,Economy,854,tablet
1704720191000,Fianna,41,Female,Alagoas,18,Business,904,tablet
1705534712000,Lorine,18,Female,Amapá,13,Health,315,desktop
1718900587000,Vivien,87,Female,Pernambuco,15,Economy,1276,desktop
1733384939000,Carola,23,Female,Bahia,3,Politics,761,laptop
1730681917000,Mariellen,12,Female,Sergipe,10,Technology,1233,desktop
1708143960000,Arnie,60,Male,Bahia,13,Sports,2973,desktop
1712988531000,Gabe,29,Male,Roraima,19,Economy,577,smartwatch
1717064442000,Bordy,73,Male,Tocantins,17,Business,346,tablet
1707519282000,Dianne,38,Female,Sao Paulo,17,Entertainment,2590,desktop
1724939187000,Reidar,37,Male,Sergipe,7,Entertainment,3409,tablet
1722054505000,Alain,66,Male,Paraíba,17,Politics,2268,smartphone
1727200347000,Tirrell,7,Male,Bahia,20,Politics,1920,smartphone
1725558317000,Jeremie,60,Male,Bahia,11,Politics,1865,smartwatch
1735344994000,Madeline,21,Female,Alagoas,17,Business,2670,laptop
1704691876000,Holden,23,Male,Paraíba,7,Sports,2708,laptop
1728002439000,Thornie,44,Male,Pernambuco,6,Health,591,smartwatch
1714758885000,Monty,29,Male,Rio de Janeiro,4,Politics,1843,smartphone
1706882931000,Franny,29,Female,Minas Gerais,19,Politics,2201,desktop
1723692190000,Shurlock,22,Male,Acre,12,Entertainment,1992,desktop
1706827488000,Berkeley,39,Male,Goiás,10,Entertainment,2900,smartphone
1730220472000,Ave,52,Male,Paraíba,1,Entertainment,2028,desktop
1731906283000,Alick,54,Male,Sao Paulo,8,Economy,1392,tablet
1714640226000,Bald,80,Male,Rondônia,7,Business,2885,smartwatch
1719864972000,Adaline,44,Female,Pernambuco,2,Sports,1144,smartwatch
1733444594000,Brittni,82,Female,Acre,13,Politics,2793,smartwatch
1721123755000,Allis,73,Female,Mato Grosso,1,Health,2600,smartwatch
1707513091000,Dori,78,Female,Sao Paulo,7,Politics,1384,smartphone
1735181458000,Kirby,34,Male,Santa Catarina,2,Health,1970,tablet
1731990221000,Mariellen,57,Female,Bahia,13,Technology,3296,desktop
1728051086000,Rubetta,29,Female,Ceara,11,Technology,2391,desktop
1732032350000,Shermy,24,Male,Tocantins,14,Business,1569,laptop
1710258488000,Bradford,69,Male,Paraíba,12,Sports,1083,laptop
1721180303000,Drew,34,Male,Rio Grande do Sul,16,Economy,1979,laptop
1728966972000,Al,68,Male,Tocantins,17,Technology,1397,smartphone
1716182621000,Maxine,29,Female,Alagoas,8,Politics,2196,tablet
1712403159000,Devina,64,Female,Minas Gerais,17,Economy,2943,smartphone
1728394917000,Teriann,86,Female,Amazonas,1,Business,89,smartphone
1720844053000,Malorie,35,Female,Sao Paulo,4,Politics,2671,desktop
1706360630000,Humfried,19,Male,Acre,7,Sports,543,laptop
1716835639000,Wells,51,Male,Rio Grande do Sul,2,Entertainment,1383,smartphone
1721201703000,Nil,74,Male,Paraíba,2,Economy,2653,smartwatch
1705959715000,Kev,46,Male,Pernambuco,5,Economy,1331,desktop
1711433191000,Orlando,18,Male,Minas Gerais,20,Politics,1347,desktop
1720765140000,Rickard,25,Male,Tocantins,15,Health,3566,laptop
1714801723000,Francis,48,Male,Minas Gerais,17,Business,3205,smartphone
1727335913000,Samaria,52,Female,Sao Paulo,11,Sports,2135,smartphone
1717208750000,Feliks,72,Male,Amapá,3,Health,3092,tablet
1707307252000,Oona,10,Female,Parana,6,Technology,951,desktop
1713389089000,Quillan,18,Male,Amapá,4,Technology,143,tablet
1713299909000,Kaylil,54,Female,Amapá,17,Business,2425,laptop
1704592284000,Tobit,26,Male,Mato Grosso,1,Politics,1298,smartphone
1716206574000,Yuma,36,Male,Acre,8,Entertainment,429,smartwatch
1730248513000,Maud,86,Female,Acre,16,Entertainment,3062,tablet
1711130495000,Birch,11,Male,Alagoas,5,Health,3033,desktop
1710724354000,Hildagard,81,Female,Rio Grande do Sul,13,Technology,1920,tablet
1719255613000,Dolli,12,Female,Ceara,7,Technology,156,smartphone
1707033204000,Bink,50,Male,Roraima,8,Technology,549,smartphone
1732424956000,Audie,51,Female,Goiás,14,Business,1706,smartwatch
1731011591000,Stanleigh,74,Male,Paraíba,13,Business,533,smartwatch
1710118620000,Buddie,49,Male,Ceara,20,Entertainment,2331,smartwatch
1723782024000,Desiri,84,Female,Tocantins,16,Economy,488,smartwatch
1705854996000,Lorenzo,73,Male,Minas Gerais,17,Sports,2353,laptop
1728145480000,Roma,82,Male,Pernambuco,20,Health,2002,laptop
1716711277000,Lorilyn,83,Female,Goiás,5,Politics,1969,smartphone
1706377362000,Linnet,57,Female,Parana,14,Health,2353,tablet
1734334633000,Flory,30,Female,Rondônia,3,Economy,837,smartphone
1732326295000,Shanon,83,Female,Paraíba,7,Health,1355,desktop
1722424844000,Wally,31,Male,Sao Paulo,14,Health,1357,smartphone
1734681504000,Enrica,52,Female,Pernambuco,20,Technology,1435,tablet
1706672620000,Maddi,38,Female,Santa Catarina,20,Technology,2635,laptop
1722418923000,Claiborne,83,Male,Sergipe,16,Technology,3512,laptop
1723156831000,Bobbie,11,Male,Alagoas,16,Entertainment,833,laptop
1713424327000,Samuele,8,Male,Goiás,17,Technology,918,smartphone
1726030270000,Tim,25,Female,Paraíba,14,Politics,1309,laptop
1723792113000,Dore,52,Male,Minas Gerais,20,Economy,336,tablet
1720180031000,Sigismondo,29,Male,Amazonas,12,Economy,1977,desktop
1726508315000,Pernell,73,Male,Mato Grosso,9,Economy,299,smartwatch
1721091590000,Chloe,74,Female,Sao Paulo,11,Sports,1829,desktop
1726122022000,Terry,37,Male,Roraima,3,Entertainment,448,desktop
1721184876000,Charlena,78,Female,Paraíba,17,Economy,680,tablet
1714888008000,Donaugh,35,Male,Rondônia,7,Politics,1867,smartphone
1721169397000,Marsh,77,Male,Paraíba,2,Politics,3347,smartwatch
1727087685000,Berenice,38,Female,Alagoas,16,Sports,1578,smartphone
1735108695000,Guenna,49,Female,Paraíba,13,Economy,179,smartwatch
1727906510000,Amandi,12,Female,Tocantins,1,Technology,1769,tablet
1718244826000,Sam,64,Female,Parana,3,Entertainment,488,laptop
1721897600000,Wilek,23,Male,Minas Gerais,15,Politics,311,smartphone
1733067077000,Evvie,52,Female,Pernambuco,12,Sports,699,smartwatch
1734196363000,Sharleen,40,Female,Santa Catarina,19,Technology,3245,tablet
1713789315000,Lizette,33,Female,Tocantins,10,Economy,1404,desktop
1725935026000,Kahaleel,14,Male,Sergipe,16,Business,1784,smartwatch
1706330544000,Erhard,57,Male,Sergipe,14,Politics,3136,tablet
1730036841000,Dav,7,Male,Alagoas,8,Politics,2131,smartwatch
1722306433000,Alphard,22,Male,Mato Grosso,20,Economy,3102,smartwatch
1724338756000,Reynold,89,Male,Alagoas,7,Sports,593,smartwatch
1723571573000,Charla,69,Female,Amazonas,12,Entertainment,1010,smartwatch
1705473916000,Alaric,48,Male,Parana,17,Entertainment,2703,tablet
1711300069000,Hendrika,36,Female,Amapá,6,Business,3525,laptop
1728313087000,Donaugh,62,Male,Mato Grosso,12,Technology,2743,desktop
1732547782000,Milton,12,Male,Rondônia,20,Entertainment,3385,smartwatch
1719964426000,Chad,23,Male,Amapá,5,Technology,2200,tablet
1731050015000,Colette,42,Female,Alagoas,16,Politics,529,smartwatch
1733722736000,Annecorinne,35,Female,Rio Grande do Sul,7,Business,748,laptop
1733711018000,Berne,66,Male,Goiás,13,Technology,629,desktop
1727137420000,Christalle,8,Female,Alagoas,5,Sports,2781,smartwatch
1706401545000,Christalle,56,Female,Bahia,19,Sports,852,smartwatch
1728334838000,Whitby,82,Male,Parana,18,Technology,2048,smartphone
1733503422000,Yettie,48,Female,Parana,14,Business,1491,desktop
1725341873000,Ray,56,Male,Parana,11,Sports,1391,smartwatch
1718088910000,Ardisj,65,Female,Ceara,8,Sports,969,smartphone
1712877948000,Tildie,32,Female,Pernambuco,14,Entertainment,1012,tablet
1714581312000,Alwin,47,Male,Goiás,3,Business,2564,desktop
1726472459000,Allys,70,Female,Amazonas,15,Sports,2780,laptop
1728652758000,Angus,12,Male,Rio Grande do Sul,2,Health,2611,smartphone
1724400043000,Penny,36,Male,Santa Catarina,11,Health,1496,desktop
1727913190000,Forester,12,Male,Bahia,9,Economy,2681,laptop
1721824632000,Zia,8,Female,Ceara,17,Politics,1602,smartwatch
1719756883000,Liz,62,Female,Rio Grande do Sul,5,Economy,57,laptop
1718573862000,Rhona,6,Female,Amazonas,6,Technology,3,laptop
1729923832000,Matty,61,Male,Rondônia,1,Entertainment,3462,smartphone
1710785082000,Boony,67,Male,Rio de Janeiro,10,Entertainment,1236,tablet
1707207736000,Nilson,14,Male,Ceara,15,Health,2513,smartphone
1725795528000,Dorene,20,Female,Paraíba,5,Entertainment,2874,laptop
1719274034000,Marijn,79,Male,Santa Catarina,11,Entertainment,1411,smartphone
1734472290000,Kalindi,13,Female,Parana,14,Health,1562,tablet
1713495039000,Riva,87,Female,Rio Grande do Sul,1,Economy,995,laptop
1710041189000,Fifine,22,Female,Amapá,7,Economy,1393,tablet
1704156408000,Jody,64,Male,Ceara,8,Economy,2313,smartphone
1720438840000,Ugo,78,Male,Rondônia,5,Politics,322,smartphone
1729743462000,Russ,21,Male,Mato Grosso,13,Entertainment,2956,laptop
1709415661000,Alex,21,Male,Bahia,7,Entertainment,3569,laptop
1709389067000,Lindy,80,Female,Alagoas,3,Politics,2502,tablet
1709716600000,Milty,11,Male,Santa Catarina,20,Sports,1465,desktop
1712806913000,Trescha,31,Female,Roraima,2,Technology,3182,tablet
1726135519000,Willem,56,Male,Bahia,20,Technology,1401,smartwatch
1709648445000,Tod,48,Male,Paraíba,9,Business,2570,laptop
1707482323000,Revkah,58,Female,Parana,7,Technology,2842,desktop
1729840854000,Ephraim,77,Male,Goiás,9,Health,928,smartwatch
1727482200000,Gayler,69,Male,Pernambuco,9,Politics,878,smartphone
1717892093000,Ivar,13,Male,Amapá,18,Technology,1942,tablet
1706519693000,Lina,89,Female,Ceara,15,Politics,2333,tablet
1725146215000,Jackelyn,51,Female,Rio Grande do Sul,19,Entertainment,67,laptop
1719409818000,Hermina,89,Female,Roraima,20,Economy,2079,smartphone
1729481885000,Clayborne,35,Male,Ceara,9,Economy,476,smartwatch
1715490698000,Shirline,87,Female,Sao Paulo,17,Sports,2022,tablet
1729512396000,Patten,13,Male,Sao Paulo,10,Sports,1112,smartwatch
1724489401000,Harvey,61,Male,Alagoas,6,Politics,2266,tablet
1705363573000,Jolie,30,Female,Sao Paulo,6,Technology,1882,tablet
1704144601000,Bryn,40,Male,Rio Grande do Sul,13,Sports,1489,smartphone
1718214274000,Georg,18,Male,Sao Paulo,19,Economy,561,laptop
1717303060000,Sarge,60,Male,Pernambuco,17,Sports,3461,smartphone
1724425693000,Nancee,47,Female,Amapá,10,Economy,296,smartwatch
1718434667000,Seth,38,Male,Minas Gerais,13,Business,2955,smartwatch
1724210483000,Paddie,49,Male,Minas Gerais,5,Health,1118,laptop
1715314879000,Gar,80,Male,Amazonas,14,Health,1660,smartphone
1734112651000,Shea,90,Male,Rio de Janeiro,2,Economy,992,smartphone
1720243230000,Fritz,75,Male,Minas Gerais,12,Economy,2135,smartwatch
1730148524000,Dom,42,Male,Mato Grosso,11,Economy,2419,smartwatch
1707853430000,Addia,36,Female,Santa Catarina,11,Entertainment,2884,laptop
1706333468000,Xerxes,62,Male,Bahia,8,Entertainment,633,desktop
1704866328000,Garrott,23,Male,Mato Grosso,2,Technology,3311,smartwatch
1734225800000,Alexa,52,Female,Roraima,10,Politics,1765,laptop
1729480936000,Gilemette,67,Female,Amapá,7,Politics,1438,laptop
1712557240000,Tammy,58,Female,Pernambuco,18,Technology,302,smartphone
1712274175000,Marja,86,Female,Sergipe,10,Technology,85,laptop
1713997930000,Antonella,70,Female,Bahia,5,Economy,735,tablet
1712388429000,Tiffi,56,Female,Sergipe,3,Health,2609,smartphone
1724140315000,Heloise,30,Female,Parana,15,Entertainment,2302,smartphone
1706733894000,Flore,17,Female,Mato Grosso,18,Health,184,tablet
1719724456000,Marni,30,Female,Santa Catarina,15,Economy,32,laptop
1720877548000,Hartley,21,Male,Sergipe,4,Business,3187,smartphone
1724137825000,Dean,19,Male,Roraima,17,Politics,2727,desktop
1722957814000,Valle,73,Male,Minas Gerais,17,Entertainment,2954,smartphone
1723081423000,Reece,37,Male,Goiás,8,Politics,2758,tablet
1733398095000,Pat,80,Female,Acre,1,Technology,2180,tablet
1734929850000,Wilmette,66,Female,Sao Paulo,20,Sports,1962,smartwatch
1717006455000,Eleanore,7,Female,Amapá,3,Entertainment,869,smartwatch
1727736100000,Tanny,38,Male,Ceara,5,Entertainment,3232,tablet
1722345042000,Harrietta,39,Female,Sao Paulo,12,Sports,2718,smartwatch
1705150557000,Whitney,84,Male,Amapá,4,Business,3461,desktop
1705031956000,Danella,35,Female,Mato Grosso,7,Economy,2902,desktop
1730893546000,Madlin,54,Female,Amapá,1,Entertainment,2395,laptop
1722121985000,Gregoire,21,Male,Sergipe,6,Economy,2348,laptop
1721673848000,Blair,19,Female,Acre,7,Technology,774,tablet
1710991054000,Krishnah,51,Male,Ceara,4,Economy,2693,smartphone
1725840477000,Hollyanne,75,Female,Amazonas,14,Business,2107,tablet
1721385215000,Kanya,82,Female,Pernambuco,18,Technology,1675,desktop
1732566199000,Alan,35,Male,Alagoas,2,Economy,2984,desktop
1713863471000,Norri,75,Female,Paraíba,1,Health,2410,tablet
1705748205000,Gabriele,43,Male,Parana,6,Entertainment,6,desktop
1732897403000,Darcy,25,Female,Roraima,18,Sports,1932,laptop
1729485269000,Elsa,14,Female,Sao Paulo,10,Business,413,tablet
1725667569000,Dyanne,57,Female,Santa Catarina,11,Sports,486,laptop
1719767886000,Joli,58,Female,Amapá,9,Technology,891,laptop
1734903077000,Abey,7,Male,Sao Paulo,10,Politics,3149,laptop
1728490618000,Hirsch,65,Male,Rio de Janeiro,3,Politics,745,tablet
1706337422000,Winnie,7,Male,Rio de Janeiro,1,Health,633,tablet
1710184364000,Melinde,26,Female,Rio de Janeiro,13,Business,3339,smartphone
1731916173000,Isabeau,64,Female,Ceara,7,Sports,3424,laptop
1732767271000,Bear,89,Male,Acre,7,Technology,2466,laptop
1712083327000,Eduardo,21,Male,Parana,5,Entertainment,540,laptop
1731507197000,Betsy,63,Female,Santa Catarina,9,Technology,669,smartphone
1715555764000,Astrix,46,Female,Sao Paulo,20,Entertainment,3392,smartwatch
1735184276000,Konstanze,81,Female,Roraima,9,Politics,504,smartphone
1705397301000,Price,18,Male,Amapá,10,Entertainment,2677,smartwatch
1726432700000,Graig,24,Male,Minas Gerais,5,Technology,95,tablet
1709990830000,Roselin,32,Female,Rondônia,20,Health,321,smartphone
1719701019000,Bethany,77,Female,Goiás,12,Entertainment,1752,desktop
1725320973000,Benoite,73,Female,Acre,9,Business,257,desktop
1705848387000,Giavani,41,Male,Alagoas,16,Economy,269,tablet
1711220548000,Yasmeen,60,Female,Amapá,2,Business,1306,desktop
1709811102000,Addison,14,Male,Mato Grosso,14,Entertainment,1054,smartwatch
1723114828000,Adair,58,Male,Parana,17,Business,1271,tablet
1720227456000,Livia,81,Female,Santa Catarina,2,Business,2810,laptop
1710783624000,Patty,12,Female,Minas Gerais,1,Sports,20,laptop
1705701147000,Clemmie,90,Male,Sergipe,10,Health,1388,smartphone
1729262698000,Burl,12,Male,Parana,11,Technology,3105,tablet
1709361256000,Natale,47,Male,Parana,10,Health,101,desktop
1722045004000,Van,28,Female,Minas Gerais,20,Health,3389,smartphone
1704177155000,Gray,55,Male,Rio de Janeiro,6,Politics,270,smartphone
1735601563000,Christoffer,77,Male,Amapá,16,Sports,1981,laptop
1707050366000,Rutter,18,Male,Roraima,16,Health,2894,desktop
1724789050000,Karola,72,Female,Ceara,12,Technology,2955,smartwatch
1712589011000,Kimberlee,68,Female,Bahia,5,Politics,3278,laptop
1722331964000,Ermentrude,12,Female,Bahia,8,Economy,569,smartwatch
1726010517000,Merwyn,18,Male,Amapá,13,Economy,3201,desktop
1726055908000,Burnard,17,Male,Pernambuco,20,Politics,2394,desktop
1723950488000,Desirae,68,Female,Rondônia,16,Sports,3472,smartwatch
1732071074000,Brodie,76,Male,Rondônia,19,Sports,2441,desktop
1711063259000,Chaim,12,Male,Tocantins,18,Entertainment,3253,smartwatch
1714556326000,Quillan,9,Male,Rondônia,4,Entertainment,2855,tablet
1719326625000,Sybyl,66,Female,Paraíba,11,Entertainment,2101,smartwatch
1705818391000,Sal,68,Male,Tocantins,10,Entertainment,1325,desktop
1705174781000,Junette,27,Female,Sergipe,1,Technology,3502,smartwatch
1728039434000,Genevra,62,Female,Sergipe,14,Health,2220,smartphone
1711568547000,Frayda,10,Female,Rio de Janeiro,18,Business,499,desktop
1723029939000,Heather,26,Female,Bahia,7,Health,3008,laptop
1718967335000,Sheffy,90,Male,Alagoas,8,Technology,3246,desktop
1729605820000,Hyacinthe,39,Female,Santa Catarina,4,Business,843,laptop
1722700031000,Lishe,38,Female,Sergipe,16,Technology,2908,desktop
1733660826000,Veronique,22,Female,Rondônia,3,Health,1968,desktop
1734377794000,Bernardo,90,Male,Paraíba,9,Politics,2009,desktop
1719121798000,Clarita,34,Female,Paraíba,17,Politics,392,desktop
1722361644000,Demott,41,Male,Minas Gerais,1,Entertainment,2989,tablet
1704892821000,Bryn,49,Male,Rio de Janeiro,11,Economy,1906,desktop
1717477112000,Arne,70,Male,Sergipe,9,Sports,1908,smartphone
1730441898000,Rae,74,Female,Santa Catarina,12,Politics,2849,laptop
1726842564000,Bell,76,Female,Acre,3,Entertainment,2109,smartphone
1724077060000,Derward,29,Male,Amazonas,14,Health,2465,laptop
1721452819000,Waite,14,Male,Tocantins,19,Business,3469,smartwatch
1734369535000,Dom,79,Male,Mato Grosso,10,Business,810,smartwatch
1715920083000,Fern,88,Female,Bahia,18,Business,1298,tablet
1724063182000,Coraline,7,Female,Santa Catarina,3,Sports,2303,smartwatch
1733724587000,Thatch,82,Male,Alagoas,2,Business,1743,desktop
1709338563000,Pail,57,Male,Ceara,8,Politics,499,desktop
1714236064000,Imogen,50,Female,Minas Gerais,19,Entertainment,1801,desktop
1720022440000,Randi,89,Male,Mato Grosso,13,Business,1979,laptop
1727005645000,Burr,41,Male,Parana,15,Entertainment,2787,desktop
1721129678000,Suzy,20,Female,Parana,18,Entertainment,1979,tablet
1708519182000,Naomi,65,Female,Pernambuco,18,Politics,2647,smartwatch
1718841874000,Rayshell,45,Female,Roraima,6,Health,3557,tablet
1729906729000,Mada,17,Female,Acre,15,Politics,2664,tablet
1719590930000,Hyacinthe,53,Female,Roraima,15,Technology,3235,smartphone
1705060223000,Alexander,58,Male,Mato Grosso,20,Technology,1753,tablet
1729611621000,Jeddy,37,Male,Amapá,4,Health,3122,smartphone
1723805373000,Hakeem,18,Male,Pernambuco,3,Economy,3041,laptop
1726151266000,Ario,62,Male,Paraíba,12,Entertainment,2233,smartwatch
1733694072000,Georgie,34,Male,Sergipe,5,Sports,3112,smartwatch
1716710484000,Anselma,9,Female,Goiás,8,Sports,1173,smartphone
1709087018000,Barry,54,Male,Mato Grosso,17,Economy,230,smartphone
1734069200000,Onfre,63,Male,Paraíba,3,Technology,2124,desktop
1707955471000,Rossie,47,Male,Goiás,17,Technology,1182,tablet
1720802279000,Oliver,79,Male,Mato Grosso,5,Technology,1739,laptop
1710031377000,Tove,23,Female,Mato Grosso,15,Entertainment,392,tablet
1717130826000,Jaclin,62,Female,Rondônia,1,Economy,1348,desktop
1711880175000,Caye,17,Female,Goiás,8,Sports,2356,smartwatch
1718647949000,Rupert,19,Male,Amapá,6,Health,1130,laptop
1716038036000,Dal,64,Male,Bahia,4,Economy,1489,smartwatch
1708253557000,Dulcinea,72,Female,Sao Paulo,6,Economy,2417,smartwatch
1718378091000,Waldo,32,Male,Bahia,9,Business,1489,smartphone
1707654639000,Margarita,65,Female,Amazonas,5,Sports,158,smartwatch
1730993862000,Lynne,56,Female,Amapá,19,Technology,1587,laptop
1731429057000,Fayre,22,Female,Santa Catarina,15,Business,3308,laptop
1713970149000,Tad,39,Male,Ceara,14,Politics,2453,smartwatch
1732345800000,Rikki,79,Female,Amapá,15,Entertainment,538,desktop
1713259380000,Thaddus,8,Male,Rio Grande do Sul,5,Technology,249,tablet
1705729745000,Aylmer,18,Male,Tocantins,11,Health,3519,smartphone
1735539305000,Liana,28,Female,Sao Paulo,18,Politics,3129,laptop
1714238276000,Augusto,59,Male,Acre,15,Health,2037,desktop
1733075785000,Ludovika,6,Female,Amazonas,1,Business,1808,smartphone
1711793217000,Marlon,62,Male,Sergipe,20,Economy,1727,smartwatch
1705567297000,Jud,82,Male,Ceara,3,Entertainment,746,smartwatch
1716071636000,Ardyth,15,Female,Tocantins,6,Technology,914,laptop
1711868038000,Karola,31,Female,Minas Gerais,7,Entertainment,2010,tablet
1705349972000,Mellisa,33,Female,Rio de Janeiro,3,Health,125,laptop
1711270096000,Maury,41,Male,Mato Grosso,19,Entertainment,25,smartwatch
1721521508000,Jessamyn,83,Female,Amapá,16,Technology,702,tablet
1706206566000,Kevon,33,Male,Pernambuco,9,Politics,3101,smartwatch
1714177584000,Adelice,47,Female,Tocantins,18,Sports,2890,laptop
1708601087000,Linnell,68,Female,Tocantins,20,Economy,1392,desktop
1730768071000,Ryon,83,Male,Sergipe,3,Health,2331,smartwatch
1728201626000,Keeley,9,Female,Pernambuco,4,Entertainment,878,desktop
1713263863000,Daphna,33,Female,Ceara,4,Sports,1394,tablet
1725775770000,Kristo,45,Male,Paraíba,4,Politics,1154,laptop
1719238699000,Meggy,78,Female,Rio Grande do Sul,16,Politics,1387,smartphone
1714664849000,Perice,51,Male,Acre,12,Sports,3160,smartwatch
1735547441000,Percival,21,Male,Rondônia,5,Entertainment,1919,laptop
1719757820000,Colman,43,Male,Rio de Janeiro,5,Entertainment,336,tablet
1734318021000,Elisabeth,48,Female,Amapá,1,Technology,970,smartphone
1712027153000,Leena,12,Female,Amazonas,18,Economy,2361,desktop
1733509478000,Cynthie,53,Female,Santa Catarina,3,Economy,3186,desktop
1707991595000,Ollie,49,Male,Sergipe,3,Entertainment,1507,smartphone
1706336145000,Meir,76,Male,Ceara,4,Entertainment,638,smartphone
1733779048000,Nelle,8,Female,Bahia,3,Business,1179,tablet
1704300987000,Conway,51,Male,Rio de Janeiro,5,Politics,2864,desktop
1724075498000,Lorinda,53,Female,Mato Grosso,19,Sports,668,tablet
1731518430000,Emlynn,37,Female,Rio de Janeiro,9,Business,623,smartphone
1720235203000,Judd,41,Male,Bahia,6,Entertainment,3412,tablet
1730063342000,Urbanus,10,Male,Roraima,8,Technology,725,smartwatch
1727173558000,Jeri,24,Female,Sergipe,8,Business,1785,tablet
1713474226000,Constantino,60,Male,Goiás,1,Technology,2712,tablet
1718815448000,Nicol,63,Female,Acre,4,Sports,557,desktop
1705653040000,Mozelle,73,Female,Goiás,6,Entertainment,15,smartwatch
1710238430000,Filip,54,Male,Amapá,15,Health,740,tablet
1708948111000,Aurelie,54,Female,Parana,11,Health,2193,laptop
1704667639000,Thalia,64,Female,Santa Catarina,12,Technology,644,tablet
1709578950000,Alie,55,Female,Ceara,18,Technology,1716,desktop
1734670676000,Lexie,13,Female,Rondônia,2,Sports,473,smartwatch
1721796854000,Lizbeth,18,Female,Paraíba,14,Sports,1300,tablet
1706544595000,Kiah,14,Female,Amapá,14,Politics,2319,smartphone
1726910711000,Jermayne,79,Male,Rio Grande do Sul,15,Business,3158,desktop
1724671739000,Roley,21,Male,Amazonas,18,Economy,2883,tablet
1713069918000,Pincus,46,Male,Acre,15,Economy,2548,desktop
1716371031000,Zelda,74,Female,Rio Grande do Sul,11,Health,645,tablet
1727948254000,Freddy,64,Male,Rondônia,10,Business,879,tablet
1727277621000,Kirsteni,34,Female,Roraima,16,Health,760,laptop
1716928939000,Mill,42,Male,Paraíba,16,Politics,3190,smartwatch
1728541448000,Valene,37,Female,Acre,20,Entertainment,2010,desktop
1708295267000,Alanson,74,Male,Ceara,4,Politics,3436,desktop
1715515220000,Bonita,39,Female,Roraima,7,Entertainment,3016,tablet
1706047062000,Salvador,9,Male,Sao Paulo,16,Economy,1737,desktop
1719582651000,Daisy,37,Female,Ceara,3,Business,2922,smartwatch
1710196013000,Dedra,73,Female,Santa Catarina,16,Business,2031,laptop
1734074497000,Daffie,35,Female,Alagoas,11,Economy,1435,smartphone
1717937768000,Opaline,26,Female,Parana,18,Politics,3448,smartphone
1728939998000,Mallory,35,Male,Sao Paulo,15,Sports,2215,desktop
1708579555000,Jose,38,Male,Amazonas,12,Politics,2516,laptop
1706309674000,Nikki,13,Female,Alagoas,15,Economy,365,smartwatch
1727007294000,Randa,25,Female,Tocantins,6,Technology,139,tablet
1708637154000,Almira,16,Female,Ceara,16,Sports,2380,laptop
1707076415000,Federico,59,Male,Parana,19,Economy,362,desktop
1704216575000,Dido,62,Female,Acre,7,Business,662,laptop
1734050769000,Tomi,79,Female,Alagoas,20,Entertainment,1012,smartwatch
1723789122000,Garrett,64,Male,Goiás,16,Business,1180,smartphone
1733434222000,Kurt,21,Male,Mato Grosso,10,Health,2751,tablet
1716880862000,Darnall,55,Male,Roraima,16,Business,1456,smartwatch
1731923191000,Gerhardt,77,Male,Parana,16,Health,1799,desktop
1712067041000,Coraline,52,Female,Goiás,15,Business,1991,desktop
1722629053000,Conni,31,Female,Santa Catarina,11,Entertainment,792,tablet
1720599795000,Sashenka,12,Female,Tocantins,5,Health,3024,tablet
1704099622000,Ashby,30,Male,Amazonas,6,Entertainment,1657,smartphone
1730351974000,Herc,77,Male,Amazonas,15,Entertainment,3153,smartphone
1720072372000,Tybi,9,Female,Rio de Janeiro,9,Health,887,smartwatch
1719890048000,Merna,24,Female,Rio de Janeiro,8,Economy,1552,smartphone
1733050288000,Tobe,25,Male,Rio de Janeiro,18,Health,389,tablet
1727403737000,Vassili,10,Male,Pernambuco,20,Entertainment,1890,tablet
1723018627000,Haydon,76,Male,Ceara,13,Health,1234,tablet
1731389279000,Boris,57,Male,Sao Paulo,10,Entertainment,648,smartphone
1727729237000,Karrie,46,Female,Mato Grosso,5,Politics,1696,desktop
1725658410000,Stewart,58,Male,Amapá,16,Technology,1278,desktop
1713727408000,Addison,81,Male,Bahia,1,Entertainment,1222,tablet
1721953342000,Ari,55,Male,Ceara,10,Health,2832,tablet
1732878458000,Susanna,26,Female,Goiás,4,Health,2999,smartphone
1734810668000,Perren,32,Male,Minas Gerais,4,Entertainment,3546,smartwatch
1705424674000,Jaimie,41,Female,Sao Paulo,16,Health,376,smartwatch
1722664341000,Elliot,16,Male,Sergipe,4,Politics,1583,desktop
1728386360000,Isaac,76,Male,Roraima,8,Sports,198,desktop
1708941353000,Jody,63,Female,Paraíba,10,Sports,168,desktop
1726331455000,Lynea,83,Female,Santa Catarina,1,Economy,2487,desktop
1706942861000,Thedrick,16,Male,Roraima,18,Health,1283,smartphone
1726318537000,Nedda,27,Female,Mato Grosso,4,Business,720,laptop
1712278378000,Hillery,57,Male,Rio de Janeiro,1,Economy,2393,laptop
1729910381000,Theressa,58,Female,Goiás,2,Politics,2295,smartphone
1711638089000,Faustine,54,Female,Ceara,2,Politics,1627,tablet
1732983806000,Lona,20,Female,Amazonas,7,Economy,3134,smartphone
1720829757000,Angelique,19,Female,Rio Grande do Sul,6,Technology,702,smartphone
1729448172000,Henka,30,Female,Rondônia,19,Sports,1929,tablet
1727873165000,Winslow,43,Male,Pernambuco,17,Business,3121,desktop
1717930318000,Craggie,71,Male,Santa Catarina,8,Technology,2198,desktop
1727694299000,Rudolf,83,Male,Sao Paulo,4,Politics,1113,smartwatch
1709922740000,Basilio,56,Male,Rondônia,2,Economy,1684,laptop
1714504586000,Rosana,89,Female,Tocantins,1,Entertainment,1199,smartwatch
1721014156000,Haley,23,Male,Roraima,4,Health,3528,tablet
1709254180000,Antonio,43,Male,Rio de Janeiro,8,Economy,223,tablet
1726664353000,Aurthur,39,Male,Paraíba,2,Business,1869,smartphone
1714625875000,Ban,9,Male,Amazonas,1,Sports,2639,laptop
1733194138000,Robinet,64,Male,Amapá,16,Business,1689,tablet
1715323361000,Tracie,41,Male,Sao Paulo,16,Sports,3050,desktop
1734105605000,Shannon,23,Male,Pernambuco,2,Health,3306,smartphone
1725734840000,Georgeanna,55,Female,Goiás,3,Politics,57,laptop
1704355149000,Clim,53,Male,Santa Catarina,12,Business,1421,laptop
1733114187000,Ase,12,Male,Goiás,13,Politics,1207,desktop
1705014879000,Gizela,7,Female,Amazonas,19,Technology,3508,smartphone
1714820681000,Jillian,33,Female,Rio de Janeiro,14,Sports,1281,laptop
1705920893000,Lulita,24,Female,Rondônia,13,Sports,2395,desktop
1709290143000,Mikkel,59,Male,Amazonas,2,Technology,2453,smartphone
1709935537000,Yankee,72,Male,Sergipe,7,Economy,1401,tablet
1730405313000,Maxie,42,Male,Santa Catarina,6,Sports,1722,smartphone
1731928733000,Sonni,39,Female,Bahia,7,Health,522,laptop
1735114918000,Drucie,26,Female,Sao Paulo,18,Politics,485,laptop
1719097368000,Daven,59,Male,Amapá,1,Technology,1791,smartphone
1704814827000,Jobi,26,Female,Goiás,10,Economy,2945,tablet
1729100418000,Rivkah,62,Female,Bahia,6,Business,764,tablet
1728634811000,Rochelle,87,Female,Rio Grande do Sul,18,Technology,2795,smartphone
1728324355000,Ashien,33,Female,Rondônia,17,Politics,3134,smartwatch
1705566869000,Lynett,89,Female,Mato Grosso,11,Politics,865,tablet
1723619124000,Antin,72,Male,Tocantins,2,Business,744,laptop
1715255562000,Tarrah,42,Female,Sao Paulo,2,Business,965,laptop
1734165428000,Keefe,83,Male,Amapá,16,Technology,1782,desktop
1710348025000,Abby,27,Female,Alagoas,17,Sports,1258,laptop
1728526934000,Ameline,70,Female,Rio de Janeiro,16,Business,2533,smartwatch
1709945695000,Lisbeth,28,Female,Mato Grosso,7,Economy,2208,laptop
1731850377000,Locke,37,Male,Alagoas,12,Entertainment,663,desktop
1725689841000,Fairleigh,17,Male,Parana,13,Health,2607,smartwatch
1710108246000,Alva,88,Male,Amapá,7,Entertainment,1787,smartwatch
1717075150000,Annabela,64,Female,Alagoas,7,Politics,697,desktop
1731481540000,Sonni,22,Female,Amazonas,17,Entertainment,127,smartwatch
1717177612000,Odetta,23,Female,Parana,15,Entertainment,446,smartphone
1715543363000,Abraham,32,Male,Parana,11,Business,1070,tablet
1726968952000,Vivie,43,Female,Goiás,6,Entertainment,2883,smartphone
1704995587000,Walther,71,Male,Parana,4,Economy,3123,tablet
1723922308000,Jammal,72,Male,Rondônia,9,Entertainment,1496,tablet
1719780850000,My,60,Male,Sergipe,8,Technology,2307,laptop
1726075135000,Cathe,73,Female,Goiás,20,Technology,2112,smartwatch
1711707867000,Tulley,28,Male,Parana,13,Sports,3499,smartwatch
1706328679000,Shellysheldon,21,Male,Paraíba,3,Economy,228,tablet
1721046438000,Christiane,54,Female,Santa Catarina,11,Politics,3356,laptop
1705940328000,Bail,50,Male,Goiás,19,Politics,950,tablet
1704324271000,Sarah,75,Female,Alagoas,10,Business,1018,smartphone
1713025174000,Deloris,48,Female,Bahia,8,Health,1977,tablet
1729689417000,Teador,71,Male,Bahia,7,Business,2520,smartphone
1718200778000,Basile,28,Male,Mato Grosso,19,Economy,778,laptop
1710905946000,Angelle,25,Female,Amapá,1,Health,2418,smartwatch
1709786115000,Wilmar,86,Male,Minas Gerais,19,Sports,856,tablet
1733961029000,Eberto,22,Male,Parana,6,Business,2883,tablet
1725777337000,Bradford,41,Male,Bahia,16,Entertainment,1242,desktop
1716359658000,Hailey,22,Male,Tocantins,15,Health,1186,laptop
1716905503000,Normie,39,Male,Tocantins,1,Health,3149,laptop
1723258136000,Gorden,6,Male,Sao Paulo,6,Business,2981,smartwatch
1730642289000,Morley,61,Male,Ceara,11,Health,1514,desktop
1733163303000,Brewer,19,Male,Paraíba,17,Health,517,laptop
1729808729000,Natividad,55,Female,Bahia,16,Sports,1771,laptop
1725921275000,Ollie,22,Male,Alagoas,17,Economy,1853,smartphone
1717257714000,Blythe,62,Female,Goiás,16,Entertainment,3340,tablet
1733639288000,Kynthia,48,Female,Goiás,15,Sports,1571,desktop
1715014265000,Orv,90,Male,Bahia,4,Business,777,smartphone
1725837091000,Cloe,27,Female,Sao Paulo,4,Technology,1665,smartwatch
1712168196000,Aeriela,38,Female,Rio de Janeiro,9,Economy,803,tablet
1707077062000,Charisse,53,Female,Amazonas,12,Economy,548,desktop
1733610567000,Conni,70,Female,Ceara,18,Economy,2843,tablet
1714679312000,Thorndike,54,Male,Sergipe,6,Politics,3139,desktop
1713167688000,Steffen,15,Male,Santa Catarina,11,Politics,141,smartwatch
1723814472000,Isabeau,14,Female,Acre,12,Economy,3150,smartphone
1722087150000,Nanci,73,Female,Ceara,5,Economy,1088,smartphone
1731840354000,Gustav,64,Male,Roraima,8,Technology,745,desktop
1707885335000,Carny,29,Male,Amapá,18,Entertainment,3205,desktop
1732502353000,Pippy,13,Female,Tocantins,18,Technology,2620,smartwatch
1734548257000,Darin,65,Male,Santa Catarina,20,Politics,63,smartphone
1708689037000,Lolita,42,Female,Paraíba,19,Entertainment,1392,desktop
1711025113000,Thelma,7,Female,Roraima,1,Economy,1816,laptop
1721902965000,Ulrich,87,Male,Amapá,3,Business,2595,tablet
1729415515000,Odelia,38,Female,Rio Grande do Sul,17,Politics,1110,tablet
1726498179000,Trip,84,Male,Goiás,5,Economy,204,desktop
1726686574000,Louise,9,Female,Rondônia,18,Health,601,laptop
1733151223000,Jermayne,40,Male,Santa Catarina,2,Business,2317,desktop
1727777691000,Lamond,63,Male,Tocantins,20,Economy,3206,laptop
1728824729000,Morgen,7,Male,Mato Grosso,12,Business,2500,laptop
1716532221000,Robb,55,Male,Santa Catarina,11,Sports,2010,smartwatch
1707962464000,Carling,44,Male,Pernambuco,15,Economy,1627,desktop
1734105833000,Glad,42,Female,Alagoas,6,Entertainment,1938,laptop
1727679629000,Tadd,18,Male,Acre,16,Technology,2501,smartphone
1725808450000,Carmela,83,Female,Mato Grosso,18,Economy,3346,smartwatch
1731955592000,Rowney,62,Male,Goiás,17,Sports,3158,smartphone
1719628538000,Sidonnie,38,Female,Goiás,7,Sports,3244,laptop
1732106635000,Emma,24,Female,Bahia,12,Business,1017,smartwatch
1714228238000,Berthe,61,Female,Alagoas,1,Economy,1341,tablet
1722435687000,Wendi,67,Female,Rio Grande do Sul,1,Economy,3243,smartwatch
1707408418000,Tabby,52,Male,Roraima,18,Technology,1425,smartwatch
1705695793000,Luis,56,Male,Rio de Janeiro,11,Economy,2196,laptop
1725915108000,Glad,14,Female,Pernambuco,4,Health,3597,smartwatch
1715144441000,Kassie,7,Female,Rio de Janeiro,4,Technology,2944,desktop
1708017203000,Mike,20,Male,Paraíba,18,Politics,3240,tablet
1708114347000,Gabbie,9,Female,Mato Grosso,19,Technology,1924,laptop
1709125895000,Meridith,7,Female,Parana,12,Politics,1646,smartphone
1719999129000,Lemmie,48,Male,Alagoas,12,Business,846,smartwatch
1716998237000,Zsazsa,8,Female,Rio Grande do Sul,6,Business,3123,smartphone
1723527825000,Teodoor,79,Male,Santa Catarina,10,Economy,822,smartphone
1707913721000,Constantia,51,Female,Amapá,8,Economy,3318,tablet
